"observed","predicted","se","date"
46.8,55.2904792709796,18.1929821905079,2000-01-02
46.8,46.7760531174315,18.1915433305713,2000-01-03
46.8,52.8599639662713,18.2000934527036,2000-01-04
46.8,50.241838639159,18.2032857189438,2000-01-07
42.8,69.9496775619108,17.7792722424195,2000-01-11
38.8,54.9464802720601,18.2081971210547,2000-01-12
33.7,42.0424062242363,18.1914735769374,2000-01-19
108.8,41.2695787813909,18.186213160532,2000-01-21
137.9,44.6317420818402,18.19214914808,2000-01-22
54.55,63.3234372573527,18.1684742474619,2000-01-26
54.55,44.7926495872891,18.1868910460851,2000-01-28
53.4,57.4174427563925,18.1936001802425,2000-01-29
53.4,58.8192061730229,18.1976933400426,2000-02-01
88.8,52.9429591751097,18.2213406259849,2000-02-04
493.2,55.943871040054,18.1821570321994,2000-02-06
45.8,48.6742561903592,18.1852338797428,2000-02-12
43.8,66.8802796792176,18.1510583845395,2000-02-14
36.25,50.5537337550403,18.183017134121,2000-02-20
34.55,52.4038829016397,18.1751141728899,2000-02-23
33.7,59.2857791373528,18.1550194805666,2000-02-25
32.85,40.8619414503112,18.2150241574591,2000-02-26
32,71.6447328916426,18.2036444978391,2000-02-27
32,86.2024253622489,26.8409055475723,2000-02-28
31.15,72.717305912722,18.1607389454154,2000-02-29
29.6,48.2669602157145,18.1822364628488,2000-03-02
53.4,73.5538636688918,18.1417748274732,2000-03-05
52.25,46.8033584765722,26.3482315147967,2000-03-07
32,78.8104139657589,18.2001062284611,2000-03-08
53.4,43.344634992015,18.1931904798039,2000-03-09
38.8,41.0391474019357,18.1975211310637,2000-03-16
33.7,40.2625855719622,18.1764058361124,2000-03-18
30.3,33.4312409322472,18.2007756121348,2000-03-20
26.8,77.7481708098192,18.1543403939096,2000-03-30
26.1,51.0192401586075,18.1778021502691,2000-03-31
25.4,28.6923439286332,18.2005991851935,2000-04-02
24.7,27.0698622631264,18.1959086538899,2000-04-07
32.85,37.7453020154653,18.1743773642837,2000-04-08
24.7,29.0365597011224,18.1969700870701,2000-04-11
21.1,41.4323769300706,42.7027915734138,2000-04-14
20,26.6973279373283,18.2022846081678,2000-04-16
17.8,26.1607269957348,18.1899706581313,2000-04-22
17.25,28.4215173019123,28.7972470695325,2000-04-24
17.25,36.129700372466,18.1760954941673,2000-04-25
17.25,37.2273508835955,18.1998282818222,2000-04-26
16.7,29.4378969997021,18.1859913785302,2000-04-27
16.15,40.3201081166116,18.2125944520786,2000-04-28
15.6,24.7654451258177,18.192941456401,2000-04-30
14.5,82.6220898596899,33.0014252490219,2000-05-03
13.95,22.6034424974444,18.1911257904536,2000-05-07
13.4,49.952905408956,18.1241187836064,2000-05-13
21.1,28.0635679907711,18.1919433436523,2000-05-17
49.95,27.5512908694214,18.2037019571484,2000-05-18
47.8,25.5287070645638,18.187798222855,2000-05-19
43.8,27.6196364139619,18.2039047735735,2000-05-20
32.85,43.6323350666685,32.2635424912453,2000-05-23
86,36.1815649174606,18.1846725889624,2000-05-26
53.4,37.7155389954255,18.1939665850162,2000-05-27
36.25,32.1605864886349,18.1934510499412,2000-05-31
35.4,38.2249546663877,18.2203500763951,2000-06-01
26.8,36.1137686386277,18.1980592827369,2000-06-05
24,28.0391002429734,18.1922670847206,2000-06-07
25.4,30.2396574270657,18.1886297311396,2000-06-12
23.3,36.2547076164516,18.1705344678083,2000-06-13
22.75,32.0368231743896,18.2041484142809,2000-06-14
24.7,31.6881070852645,18.2013209928182,2000-06-15
21.65,30.6566102573685,18.1630790537144,2000-06-17
21.1,27.089721668148,18.1965205146084,2000-06-21
20,29.4986331186191,18.2016443296402,2000-06-22
15.6,43.8609411797106,18.2170515668104,2000-06-29
15.05,29.3385313262384,18.1950948380373,2000-06-30
14.5,43.8337756954021,18.2090504758976,2000-07-01
13.95,41.1108689309056,18.2033112664149,2000-07-02
13.4,29.0939511783303,18.2146760792373,2000-07-03
12.3,29.5417046650442,18.1755255614094,2000-07-05
11.5,54.1903119299929,18.1548156284809,2000-07-08
10.7,27.5027904468796,18.1943523957072,2000-07-11
9.9,27.0260366146614,18.1939362160167,2000-07-12
84.6,44.936130433177,41.5725415050848,2000-07-14
47.8,63.2625486295991,18.1327137499123,2000-07-15
39.8,33.3003671296719,18.1954186230702,2000-07-16
33.7,30.8845348598512,18.1884389356514,2000-07-18
32,42.1727888151311,20.4192445534396,2000-07-19
31.15,29.5696768801812,18.1847585729149,2000-07-20
29.6,32.3935830317664,18.1908396174515,2000-07-21
28.9,38.7614183489495,18.1512593933408,2000-07-26
26.8,38.8041815210511,18.1674100903835,2000-07-28
26.1,36.4913267295434,18.1939343705528,2000-07-29
24.7,39.0289899627868,18.2073576976082,2000-07-30
22.2,51.9337058171789,18.1756387103484,2000-08-02
21.1,33.2234876563038,18.2027835522033,2000-08-03
27.5,36.622284942573,18.1861545207208,2000-08-06
25.4,54.5912495558725,18.1178436625036,2000-08-09
23.3,38.2002478707507,18.1808365150932,2000-08-10
21.65,43.3590869750483,26.6524433768242,2000-08-11
22.75,41.5937729074259,18.1545091101886,2000-08-20
23.3,52.5134218114072,18.1610618522074,2000-08-21
25.4,76.2366413431497,17.7340731997158,2000-08-29
48.8,57.2141901802671,46.0000108612334,2000-08-31
59.15,97.1190228305896,18.1028830954276,2000-09-08
49.95,155.088720053326,18.0681612545579,2000-09-10
179.4,85.6248716500168,25.9529344522588,2000-09-13
103.7,166.826475538926,17.9812311211421,2000-09-14
63.75,149.321932382061,17.7859816160918,2000-09-16
76.92,62.132591540709,18.1896840506254,2000-09-17
70.65,71.1929465859831,18.1800735828852,2000-09-24
61.45,58.7610787171652,18.182055103711,2000-09-25
55.7,60.783338269203,18.1760482658032,2000-09-26
54.55,111.850973210205,116.413835025455,2000-09-27
49.95,111.365556654712,61.385942097074,2000-09-28
48.8,103.78722412346,17.7910950884242,2000-09-30
44.8,81.8938348178134,18.1898259064506,2000-10-01
84.6,77.7397360616483,18.1884761307377,2000-10-11
73.08,115.820067197538,66.9136713119451,2000-10-12
388.6,118.065749640547,18.1134331340598,2000-10-15
79.48,115.912433692229,33.9582848156689,2000-10-20
66.05,167.327470015774,62.6856770078693,2000-10-22
60.3,214.029328370989,18.1958087861176,2000-10-23
55.7,72.9757780350118,18.1766890342821,2000-10-24
51.1,83.1513531589368,18.1386725125838,2000-10-25
274.3,242.804101211278,64.5048261376774,2000-10-29
460.4,306.96398447635,55.4554548494083,2000-11-01
62.6,162.858915287103,17.5578846763246,2000-11-06
52.25,112.113057948557,18.2256359749599,2000-11-09
48.8,108.711001300588,45.1215444030129,2000-11-10
45.8,96.5198187440874,18.1585513007875,2000-11-12
42.8,151.021558291094,18.0724141517542,2000-11-14
42.8,121.765201462452,18.0306027838476,2000-11-15
49.95,113.435689984394,18.152529106952,2000-11-16
55.7,135.471294248168,29.8119372330693,2000-11-17
119.6,153.685272624866,17.9481941212073,2000-11-25
86,133.489223105137,18.1493583962353,2000-11-27
75.64,134.716996424093,27.3617032857458,2000-11-28
69.5,104.715577160694,18.167464400702,2000-11-29
700.4,104.838537839988,18.0637064219183,2000-12-02
448.1,167.17042530028,37.8348092858521,2000-12-03
163.8,149.116945354089,18.2210110435346,2000-12-04
102,152.919957086485,18.1444093145667,2000-12-05
83.32,300.913489417589,97.3627804587792,2000-12-06
69.5,264.636469943687,56.0598846737027,2000-12-07
112.2,230.823929225209,59.5063307036602,2000-12-09
74.36,356.991899113054,119.108125460413,2000-12-10
182,270.441562533607,107.0664398555,2000-12-11
489.1,241.371165581522,147.637576193389,2000-12-13
226,196.842275486129,18.1973634913987,2000-12-14
518.4,241.933508162717,120.896834857222,2000-12-15
295.1,189.373656285349,18.2127369442655,2000-12-16
64.9,84.0671105725268,23.6627354024605,2000-12-17
44.8,134.030056807029,95.9359402231421,2000-12-23
56.85,165.503728997673,70.1090119324806,2000-12-26
1014.4,118.485723950883,21.4947461619143,2000-12-29
345.9,262.212808852469,95.9704847394545,2000-12-30
58,40.1150176316559,18.1943686294588,2001-01-01
53.4,41.8664197699239,18.2199882025844,2001-01-02
51.1,36.5225634519849,18.1869985730333,2001-01-03
46.8,36.3520250065137,18.1843107650935,2001-01-06
47.8,40.1026915840877,18.1899428960413,2001-01-08
47.8,40.9239990749242,18.2120515547846,2001-01-09
37.95,49.1675555507119,18.1695572748497,2001-01-11
42.8,39.2922319757764,18.1981805348162,2001-01-18
35.4,38.947077666664,18.191759865155,2001-01-20
32,35.837514483869,18.1899919092834,2001-01-23
30.3,39.9460987874606,18.1706765269884,2001-01-25
32,48.0505768016959,18.1913936062209,2001-01-26
32,51.3995091305298,18.2151639403555,2001-01-29
30.3,60.1663563654173,76.4656246449281,2001-01-30
29.6,47.565884240746,38.260684672758,2001-02-01
28.9,45.8666304070081,18.2189343855052,2001-02-02
18.9,38.6621881300174,18.2043248775296,2001-02-08
37.95,33.3737243387544,18.1745849104101,2001-02-12
28.9,34.037687249855,18.1923888515407,2001-02-13
16.15,44.3436627082446,18.179706274223,2001-02-15
58,57.0530249378138,18.1934559660234,2001-02-18
87.4,52.866208347596,18.2048539302628,2001-02-20
82.04,129.435902163333,90.9533553887212,2001-02-23
76.92,53.7538599743555,18.212964982294,2001-02-24
102,140.197123120699,28.4681930682085,2001-02-25
342.2,120.755820502351,28.2087956323094,2001-02-28
68.35,62.9400341492672,20.3105264378893,2001-03-02
42.8,47.8608883309914,18.1783158441569,2001-03-07
41.8,48.69074942013,18.1897110066886,2001-03-08
33.7,39.8675674755969,18.1873752641384,2001-03-14
29.6,30.6348880388857,18.1884964614078,2001-03-18
21.65,32.1478071938649,18.1911338901474,2001-03-21
20,99.3283127301963,18.0801109143856,2001-03-24
24.7,32.8148938183047,18.1735945048735,2001-03-26
26.8,31.715577616044,18.1694152791696,2001-03-27
20,25.0371934835613,18.195749498723,2001-04-03
19.45,33.7139160089251,18.1734271542527,2001-04-07
19.45,24.5877801412303,18.1961971289678,2001-04-09
20,28.7524798119785,19.0908081868973,2001-04-10
19.45,25.0982788244921,18.1951843972706,2001-04-14
19.45,25.1699162293007,18.1851693297588,2001-04-16
18.35,25.8245050588257,18.2059441170135,2001-04-17
18.35,26.3824395630284,18.2018066140004,2001-04-18
17.8,28.054551147414,18.1942477874053,2001-04-22
17.25,25.7729147765206,18.1964647671597,2001-04-24
16.7,31.9507350115412,52.8439112547587,2001-04-26
14.5,37.7876293908072,18.1470377959155,2001-05-02
13.95,41.3202075262425,18.1635070825503,2001-05-03
13.95,22.3697879796142,18.1971446835393,2001-05-04
14.5,52.9966094430182,18.2144137348555,2001-05-09
14.5,19.90584061277,18.1908752664924,2001-05-15
15.05,20.9091550877702,18.191396911266,2001-05-17
15.6,20.9309883931999,18.1865911046165,2001-05-18
15.05,37.1122874088856,18.1858626373477,2001-05-21
14.5,22.8133806030629,18.1805505365143,2001-05-24
15.05,22.7836266843283,18.1952908852722,2001-05-25
14.5,23.8021855203341,18.195844679451,2001-05-27
14.5,28.7086190022004,18.1956263735898,2001-05-30
14.5,21.9746347441586,18.1882621142122,2001-05-31
15.05,28.3454263978484,18.1927883486557,2001-06-01
14.5,33.143889628998,18.1786359171008,2001-06-03
14.5,25.6082857072433,18.1895445507421,2001-06-04
14.5,27.2805696108236,18.1982682722552,2001-06-05
15.6,31.1904569605299,18.1977879524705,2001-06-06
15.05,25.8877326616145,18.1945115514384,2001-06-07
15.05,28.844522629711,18.1946360733778,2001-06-08
16.15,29.722595741612,18.2241304134802,2001-06-09
16.7,28.4956855571545,18.1984596443518,2001-06-10
18.9,33.9329080807646,18.1755019931065,2001-06-11
15.6,28.0973327085132,18.1788395284491,2001-06-14
15.6,28.4248887869475,18.2080755435224,2001-06-15
14.5,27.2264829183852,18.1890562628768,2001-06-17
15.05,47.2245729202977,36.1004131970301,2001-06-18
15.05,28.4000488342398,18.1916483690607,2001-06-21
22.75,26.8096785356725,18.1936254916914,2001-06-22
21.65,26.3195453874877,18.1778825358607,2001-06-27
20.55,38.0920370178087,37.9603262576958,2001-06-28
20.55,91.485038377205,18.1269469046346,2001-07-01
21.1,100.079287250375,20.2262680929541,2001-07-02
22.2,91.2230670653387,18.1306437629315,2001-07-03
1992.9,94.0542165189653,18.123030937943,2001-07-04
95.8,122.574200361079,26.3336132189093,2001-07-07
56.85,50.4701257040287,18.2172742712343,2001-07-08
37.95,41.2829628989595,18.2202060840379,2001-07-09
63.75,39.862311022279,18.1958088641064,2001-07-14
45.8,53.6528062574465,18.1752994307027,2001-07-24
40.8,48.1455143046667,18.1759977241312,2001-07-29
43.8,47.440043088309,18.2041413438339,2001-08-06
51.1,42.64735863525,18.2028233225975,2001-08-08
37.95,49.973452635514,18.1943514729011,2001-08-10
43.8,37.8930106105826,18.1918363343543,2001-08-12
38.8,45.0929815955457,18.1818689175314,2001-08-15
37.95,39.0090561301797,18.1986026285564,2001-08-18
41.8,43.7347426536421,18.1839074411491,2001-08-24
68.35,54.87967093931,33.936584292277,2001-08-26
56.85,52.0936190668976,18.1741815280403,2001-08-28
61.45,47.1723738485775,21.097860614194,2001-08-29
18.35,53.2124769906848,18.202395503407,2001-09-08
17.8,47.9595007812962,18.1743671444554,2001-09-12
17.8,32.0308081709343,18.1861351329134,2001-09-13
20,29.9347897660331,18.1778187885484,2001-09-15
22.2,37.9741075370883,18.2137171845187,2001-09-16
23.3,38.1093604061521,18.2121451146072,2001-09-19
93,36.5706982843062,18.1772590993677,2001-09-23
51.1,35.9773596890407,18.1905557458658,2001-09-24
26.8,41.7628109603898,18.1726812848059,2001-09-26
22.75,33.9511609429634,18.1926791151752,2001-09-27
18.9,30.6113649313781,18.1972425264736,2001-10-02
16.15,63.7046686163317,18.1881202084467,2001-10-07
14.5,81.2626379050351,47.9545771528246,2001-10-14
14.5,73.7218117485475,35.5487631466833,2001-10-15
295.1,55.9408402742409,18.4336957484829,2001-10-24
60.3,67.6475422881684,18.1938738753367,2001-10-25
20.55,123.179832333939,86.2877679310459,2001-10-29
20,180.930760317594,17.9306326460478,2001-11-01
18.9,168.101081614553,18.0002829435301,2001-11-02
20,77.4000543429016,18.1694509665227,2001-11-03
21.1,101.128691972254,79.2045646508383,2001-11-06
171.6,106.381888802225,29.4081158960502,2001-11-13
71.8,141.394239241903,18.0951548394723,2001-11-14
70.65,298.29747056585,77.5249981467591,2001-11-15
45.8,94.0767888241593,18.1750000664413,2001-11-18
51.1,200.022624425386,77.009018262195,2001-11-19
45.8,133.625876809113,18.0366771883707,2001-11-20
22.75,93.9336459207338,18.0937039302052,2001-11-28
22.2,83.6450900379153,18.1356906393852,2001-11-29
22.2,114.610793124411,57.4185047667821,2001-11-30
21.65,92.9570591620779,18.2004600390482,2001-12-04
284.6,191.366320618194,82.0390764173679,2001-12-06
84.6,91.4374016457877,18.1374661728768,2001-12-14
113.9,87.4025720340326,27.859161090181,2001-12-16
105.4,90.58520618287,18.1799333516839,2001-12-18
93,121.01861813051,72.0212971685225,2001-12-19
60.3,96.6699748155136,26.3228985020523,2001-12-22
53.4,85.2282702735096,18.2201115690385,2001-12-23
41.8,75.5579354738559,18.1783912975969,2001-12-24
36.25,65.6574521720458,27.8545575183053,2001-12-25
33.7,96.8865354306607,63.0518646915645,2001-12-26
0,13.3129274896525,18.1908101145027,2002-01-03
0,17.1873091967456,18.1997596197101,2002-01-05
0,12.5615027908708,18.1982851947008,2002-01-07
0,15.4162467243168,18.2028360757929,2002-01-08
0,13.2680310977841,18.1869535394992,2002-01-09
0,15.7875673858087,18.1965490634321,2002-01-13
0,16.5132650889852,18.1700124245444,2002-01-14
0,15.3565165204624,18.2004201650155,2002-01-18
0,17.8018377378332,18.2078310436059,2002-01-21
0,15.0490694933029,18.186540150015,2002-01-22
0,46.7788660622115,50.7555597265926,2002-01-24
0,15.5067032899514,18.1885867964362,2002-01-25
0,16.820553334607,18.1909962177217,2002-01-26
0,22.5150472482525,18.1787838856485,2002-01-27
0,24.0322838653677,19.0844161110812,2002-01-28
0,22.7120380208991,18.1833583038642,2002-01-29
0,23.0134736410513,18.2005929923682,2002-01-30
0,24.2191659390437,18.1893755230547,2002-01-31
58,33.233500102787,18.2039120721395,2002-02-06
44.8,49.3878682379728,18.1927618769442,2002-02-08
59.15,47.7074725406788,18.2010641527689,2002-02-09
56.85,47.8425432208048,18.18858931473,2002-02-13
55.7,43.435563538888,18.1941907662875,2002-02-14
54.55,45.7135385610752,18.1888026964541,2002-02-15
42.8,42.5922055740244,51.6238013335023,2002-02-19
37.95,33.6833052749506,18.1864630517131,2002-02-20
32.85,31.5366404947935,18.1838512648114,2002-02-21
23.3,33.4914081374138,18.1936511457334,2002-02-26
19.45,17.0687779467453,18.1925401900528,2002-03-04
12.85,16.83647109946,18.1942558579053,2002-03-10
11.1,16.9267223309,18.1919795838214,2002-03-12
10.3,16.3980289587225,18.1918275095662,2002-03-16
10.7,14.0132104358157,18.1906321343653,2002-03-17
10.3,17.0166404620603,18.1944677720232,2002-03-21
10.3,21.9646340797564,18.191126224869,2002-03-22
10.7,14.3327243372775,18.1895523855518,2002-03-25
10.7,14.1191076871046,18.1919438260556,2002-03-29
10.7,16.8994557025588,18.2145432182856,2002-04-01
10.7,20.4199073394876,18.1850165190667,2002-04-02
10.7,19.7805773666291,20.7648664113248,2002-04-03
10.3,34.3847876148295,18.166648523994,2002-04-04
10.7,16.3014075827892,18.1968557128332,2002-04-08
10.7,16.108701456452,18.1790896143113,2002-04-12
10.3,20.3924065085634,18.1997121165173,2002-04-16
10.7,20.9061684760411,18.1879010819204,2002-04-17
10.7,14.7012372151825,18.1910398287384,2002-04-18
10.7,22.2840782251362,18.1746180018105,2002-04-19
11.1,14.139223533463,18.1892381376324,2002-04-20
10.7,16.4813451269727,18.1895130856518,2002-04-21
10.7,14.3532741926421,18.1900994800264,2002-04-23
11.1,14.8751351147867,18.1907265112352,2002-04-26
6.8,13.7173761778744,18.1870279727484,2002-05-01
5,21.5021235527729,18.1742038373293,2002-05-02
4.25,12.7461783361853,18.189745884148,2002-05-04
4.4,18.2501556925298,18.2182106360831,2002-05-07
4.25,17.769110447192,18.1908322782055,2002-05-08
4.1,18.4320092727907,18.2220623421429,2002-05-09
4.55,13.9764979114903,18.1943214165761,2002-05-11
4.4,10.2857359644889,18.1904344709547,2002-05-12
4.4,10.4394696540574,18.190432052016,2002-05-13
4.4,12.1254213953908,18.1937220920276,2002-05-14
4.55,11.6606081246169,18.1895145639566,2002-05-20
5.9,14.7509860963405,18.1875536356856,2002-05-23
9.9,13.9851251957225,18.1983967375748,2002-05-25
12.3,21.1088670327277,18.1803218373489,2002-05-31
18.9,14.137925503122,18.1875742305742,2002-06-07
9.5,36.9529165448241,49.7004808506639,2002-06-10
12.85,36.5316083454114,19.0694937676177,2002-06-13
12.85,16.6457327165733,18.1919996082345,2002-06-14
11.9,14.9852100140124,18.1906598818746,2002-06-19
9.1,23.7428052239441,18.1914148609163,2002-06-22
8,17.5430637988318,18.197769248542,2002-06-23
8,15.9786910426108,18.1860235707611,2002-06-28
8.3,20.122776651965,18.2038479956697,2002-07-03
9.5,28.0660709427017,18.1762561278263,2002-07-07
10.7,25.9343476251099,18.1741887631697,2002-07-08
9.5,24.8346806808619,18.1931632003485,2002-07-09
9.5,21.7861918516704,18.1746144681257,2002-07-10
9.5,49.770826292466,80.3398371889257,2002-07-13
9.5,17.2381330209736,18.202720996173,2002-07-14
9.5,23.0184609872057,18.2172298390611,2002-07-16
9.1,15.8710813228682,18.1978472940879,2002-07-18
8.7,15.9677010141734,18.1914262393006,2002-07-20
8,24.9433667305475,18.1808714665649,2002-07-23
10.7,27.3690621021727,18.2073586471726,2002-07-25
22.75,20.3295774728501,18.1859859480083,2002-07-28
20.55,20.3321310245286,18.1872276422076,2002-07-29
73.08,32.2752932307871,18.2013964734109,2002-08-01
27.5,24.1441371051743,18.1696872943605,2002-08-03
21.65,33.6172180304305,18.1875976042897,2002-08-04
11.9,24.2546524602381,18.2110848706867,2002-08-07
15.05,26.6917976776354,18.185371995408,2002-08-09
19.45,53.4801048749585,18.2199311148801,2002-08-11
44.8,58.1366100551857,39.4795271711512,2002-08-13
42.8,55.9716698044269,18.1768297503892,2002-08-16
35.4,59.3323352729703,22.987765897144,2002-08-17
26.8,20.6494193767318,18.1982909134034,2002-08-18
14.5,22.3773067601229,18.1923537662307,2002-08-24
11.9,29.5900342927358,18.1904278403353,2002-08-26
14.5,32.4668729105544,18.1802723054191,2002-08-27
13.95,32.8729385020891,18.1706880427975,2002-08-29
16.15,26.6914630147425,18.1909747559893,2002-09-02
15.05,47.7212608135988,22.6254322237302,2002-09-03
11.9,25.5087109369852,18.175911304478,2002-09-04
15.6,23.6524263244831,18.178160531234,2002-09-10
18.35,27.6127077491807,18.1806435775328,2002-09-11
34.55,26.4647528892005,33.5328880563108,2002-09-12
29.6,18.4785799499276,18.1896398103731,2002-09-13
48.8,25.4995207427616,18.1918990637726,2002-09-20
24.7,52.2651945692504,103.000478607929,2002-09-24
23.3,38.132702427189,23.734924619293,2002-09-26
18.9,27.7524490864036,18.1959780661421,2002-09-28
16.15,22.3592109461729,18.1821962380837,2002-10-01
13.4,29.2932610403549,18.1689628754318,2002-10-04
12.3,79.9245943318447,17.9456990141976,2002-10-06
17.25,162.456497575486,105.888894140295,2002-10-08
18.35,54.8278474544534,18.1358760911114,2002-10-10
15.6,27.5331848142101,18.1978902737683,2002-10-13
15.05,32.5260145461278,18.1971012111427,2002-10-14
21.1,38.6590458849925,23.5006638609987,2002-10-15
18.35,35.9296184676687,18.1758683840441,2002-10-16
21.65,61.3065136336226,18.1894065852621,2002-10-17
13.95,26.4139069868441,18.1917619461365,2002-10-24
24.7,23.0604454767858,18.179955723887,2002-10-28
26.8,28.6782756671889,18.2173147793082,2002-10-29
20.55,76.4931498056519,18.1770863990982,2002-11-02
251.2,191.908338661441,18.2253474839037,2002-11-04
149.4,180.43331304026,40.9389481178648,2002-11-05
468.6,240.699920311824,73.2909108199913,2002-11-07
2869.6,257.384428527416,101.458754150103,2002-11-09
51.1,121.956183983847,18.1865723801013,2002-11-14
32.85,89.8628826156127,20.3548376873414,2002-11-15
28.2,91.5592281204574,18.2051034084832,2002-11-16
26.1,102.469688267857,18.0418847037273,2002-11-17
55.7,142.888692705935,18.0398950307618,2002-11-19
54.55,106.082864833024,45.5548488282339,2002-11-21
45.8,103.440684979136,78.8685607793356,2002-11-26
42.8,107.14026925051,72.0324942681211,2002-11-27
36.25,91.0960989412102,34.4914601174393,2002-11-28
29.6,72.8264750744589,18.1693263100412,2002-11-29
24.7,72.2963050744589,18.1885141533808,2002-11-30
21.65,57.071808267032,51.49767897858,2002-12-01
20.55,80.3298853835385,40.4080011689455,2002-12-02
8.3,67.519445690003,18.1107643772056,2002-12-06
6.2,38.0871287979033,28.5217969146878,2002-12-09
20.55,53.4445701239845,18.106553970888,2002-12-16
40.8,44.1180489809764,35.1172001192335,2002-12-17
28.2,47.7044476676364,18.1721241116843,2002-12-20
18.9,38.5291903498331,18.1692222096504,2002-12-22
17.8,141.591606349515,34.5210531660944,2002-12-28
34.55,82.9716998354065,71.4027598560647,2002-12-31
19.45,20.5376087940565,18.1901271369645,2003-01-01
18.35,22.0998174703565,18.2073639935901,2003-01-02
17.8,22.2824952844746,18.1870165089526,2003-01-06
17.25,48.2808776121361,18.1628237437821,2003-01-08
24,33.5900867712407,18.1472712930035,2003-01-09
22.2,25.0855060810649,18.2234598146232,2003-01-11
20.55,21.9774334989161,18.188551768225,2003-01-14
18.9,22.5394923090905,18.1939260553244,2003-01-17
21.1,25.0374142274645,18.221894748134,2003-01-19
18.9,29.5135302077761,18.195051628886,2003-01-21
17.8,34.8777101082009,18.1449492622225,2003-01-23
17.25,23.8947339881845,18.2112429852749,2003-01-25
16.15,62.9603598714923,100.589986588555,2003-01-26
13.95,24.8915622086729,18.205092074767,2003-01-28
12.3,31.56758388374,26.4903577618378,2003-01-30
11.9,25.1380971633658,18.1908543391309,2003-02-03
11.5,30.8140664403736,18.1895040740505,2003-02-05
41.8,37.7694585636791,18.2029086788996,2003-02-11
29.6,29.2915451639212,18.1939061366968,2003-02-12
18.9,40.0781507244122,18.1955826215157,2003-02-13
12.3,33.1832789390814,18.2143016349822,2003-02-14
15.6,43.8451433827992,18.1289338122345,2003-02-15
14.5,29.712382885972,18.089831379263,2003-02-16
13.4,30.7258375290894,35.8295985129436,2003-02-17
12.3,17.5988198498091,18.1907486078846,2003-02-21
11.9,16.7909995306221,18.1910252920103,2003-02-24
11.5,17.2493473859182,18.1893287783598,2003-02-28
11.1,21.339417321946,18.2033108925846,2003-03-01
9.5,19.0094440935436,18.1943682991368,2003-03-05
8.7,34.223484984056,21.9312124213703,2003-03-10
8.7,21.8124971425988,18.1948390441147,2003-03-11
12.3,20.2711246096015,18.1854711396628,2003-03-16
11.1,15.8861445231784,18.1948070223446,2003-03-17
9.9,23.6486295872826,18.2100609085652,2003-03-19
8.3,21.7257221071975,18.1945874760014,2003-03-22
42.8,28.4625757677806,18.1893071264292,2003-03-26
33.7,26.6611892017694,18.1966935056947,2003-03-28
24,16.8887109612614,18.1929975408391,2003-03-30
16.15,16.3056983155379,18.1925545597858,2003-03-31
10.3,18.304729333195,18.1903245211022,2003-04-04
10.3,22.8422200804964,18.1755428295971,2003-04-05
9.9,14.0554232059188,18.1912262855169,2003-04-06
9.9,16.4894746005375,18.1817948237021,2003-04-07
9.5,17.0387235829812,18.1850571668135,2003-04-09
9.5,19.3352346667934,18.1844346332558,2003-04-10
9.5,15.2796172406175,18.1892946855465,2003-04-11
9.1,13.0344686561275,18.1901048680206,2003-04-13
23.3,33.2007244778026,18.2010935668396,2003-04-24
22.75,35.2987337054473,18.8839676593693,2003-04-25
15.6,25.4520149917658,22.9589910628907,2003-04-29
10.3,28.0404392812492,18.1755184826642,2003-05-02
10.7,36.3808941144832,18.1531570252724,2003-05-03
10.3,20.299524438809,18.1918629285945,2003-05-04
15.05,17.2079072604046,18.1828990245135,2003-05-05
11.1,19.8313105529063,18.1582215169694,2003-05-06
11.1,16.3898859202069,18.1902582642366,2003-05-08
11.1,15.7356735358533,18.1979625729469,2003-05-09
11.1,20.9093698014902,18.176234563216,2003-05-11
11.5,40.1575465428761,18.1629504682037,2003-05-12
11.5,17.1732162759862,18.192779821417,2003-05-14
113.9,75.3783450582513,87.7765271528423,2003-05-16
11.5,18.0567168383892,18.1937781820328,2003-05-19
12.3,22.66272649433,25.4009014657629,2003-05-20
11.9,22.4132602162447,18.1954420216338,2003-05-21
11.9,33.5594174348645,97.0907102316651,2003-05-22
12.85,18.5482872690642,18.1923730386402,2003-05-24
12.3,21.6745123741759,18.1919776407813,2003-05-25
12.3,58.5290514898598,131.502134751857,2003-05-27
12.3,21.8006373382762,18.1949539652075,2003-05-28
13.95,23.4301927338823,18.1963223736578,2003-06-06
11.5,36.7263639002978,64.3411074460415,2003-06-09
11.5,110.672377775989,190.799923311493,2003-06-11
11.1,17.5792493289655,18.1904386756187,2003-06-13
10.7,31.4792216894871,18.1586435392886,2003-06-16
69.5,119.637007396027,70.9971764527929,2003-06-18
40.8,42.2231588050013,18.1271994771041,2003-06-19
44.8,33.1170310771961,18.2100790430751,2003-06-20
15.6,25.0702330652893,18.2052816679649,2003-06-23
22.2,24.9882538369463,18.1857109522929,2003-06-25
30.3,78.9263288984655,128.457846359347,2003-06-27
21.65,21.4031115534358,18.1813950265157,2003-06-29
16.7,19.9975519113683,18.1926256222729,2003-07-03
14.5,17.8524589830221,18.1920611828243,2003-07-07
13.95,17.6025947451067,18.1902355889801,2003-07-08
11.5,23.9458691122914,25.6932122483666,2003-07-10
12.3,26.7796388210733,18.1750524967405,2003-07-18
11.1,31.7682468777882,18.4424172729091,2003-07-19
505.5,31.1790192482797,18.1892909162268,2003-07-23
22.75,27.0800271829779,18.2027049236586,2003-07-26
21.65,22.8699650884078,18.1706290382221,2003-07-27
17.8,32.4764598301539,18.2182139922989,2003-07-28
13.95,21.5617312568314,18.200236174226,2003-07-30
31.15,19.4539627755451,18.1943748647107,2003-07-31
21.1,22.163721813623,18.1893247837947,2003-08-11
21.1,23.015083964688,18.1922815787693,2003-08-12
21.65,23.0354195130098,18.1890914154368,2003-08-14
22.2,22.2565808583534,18.1866452296182,2003-08-16
32.85,32.4238083472554,18.1990931381387,2003-08-18
21.1,30.6475655808105,18.189446257168,2003-08-22
90.2,34.7875680669169,18.2188042559383,2003-08-24
62.6,30.7375889158934,18.1786714055661,2003-08-25
47.8,35.5703885058638,18.2164626569781,2003-08-26
39.8,33.0625530005866,18.1856896624822,2003-08-28
42.8,34.9051013956597,18.185472398687,2003-08-29
34.55,43.983354494807,36.1712337634617,2003-08-30
32,30.4684363124196,18.1954534466494,2003-08-31
30.3,28.0023850373512,18.1891122117272,2003-09-01
29.6,118.613602361842,224.423772844508,2003-09-04
21.65,23.0672394939817,18.1939701920969,2003-09-07
18.9,24.334037562766,18.1953295320989,2003-09-09
17.8,25.0522333556745,18.1956849133179,2003-09-10
16.15,26.8706659276291,18.2004501390543,2003-09-11
15.05,26.4783657117934,18.1738717309991,2003-09-16
14.5,44.8298248176555,48.1797071319675,2003-09-17
47.8,27.6091809489909,18.2019539012167,2003-09-19
43.8,27.286658508185,18.2147335259886,2003-09-20
42.8,36.5606568990979,18.1688952697105,2003-09-21
37.1,90.042826052901,18.0960211777569,2003-09-22
26.8,68.8894762665745,41.9003352677143,2003-09-25
26.1,84.0602196582155,18.1558557525693,2003-09-26
24.7,35.6238908571,18.190810302523,2003-09-28
24.7,40.2301237156924,21.7872157014891,2003-09-30
21.65,45.7776532789098,18.2136531733415,2003-10-05
21.65,43.1786249737552,18.163244402265,2003-10-06
22.75,29.7594903390035,18.1861995888573,2003-10-07
24,41.20084415345,18.1666438485932,2003-10-08
22.75,33.5364006014316,18.2107302396161,2003-10-10
22.2,31.900729435157,18.1800939763668,2003-10-12
19.45,37.1595663978644,18.1884837031841,2003-10-14
18.35,56.3233577635911,47.0480527988832,2003-10-15
17.25,48.9788533983363,44.2678999215451,2003-10-16
28.9,33.909588311956,18.2137817561372,2003-10-20
28.9,46.3301331030909,29.2151144433452,2003-10-22
26.8,51.268978837237,18.1457257539547,2003-10-24
26.1,34.7605016620023,18.2051235976477,2003-10-25
25.4,39.4905340857947,18.2260928642298,2003-10-27
24,47.2544221601065,25.1603624877685,2003-10-30
24.7,45.7735213859212,18.1609794336138,2003-10-31
196.2,160.825034605399,18.1154797179903,2003-11-03
44.8,105.626172699,61.9681724260053,2003-11-06
40.8,155.864636491596,36.5928200377527,2003-11-07
26.8,141.468723515429,64.3903074246885,2003-11-12
80.76,142.492672897995,44.5724689950703,2003-11-13
149.4,90.4461170612344,18.174867752659,2003-11-14
39.8,170.470441341025,89.4663062084739,2003-11-20
36.25,288.617333458884,101.297748393582,2003-11-22
75.64,82.2181985452765,56.2783827556535,2003-11-25
74.36,209.55024083305,47.4237057101578,2003-11-26
71.8,112.445829899669,18.0991580582498,2003-11-27
60.3,266.338843604889,18.0237207505357,2003-11-28
38.8,78.2788563463446,24.3541213971855,2003-11-30
35.4,67.1580800809039,18.1290067792501,2003-12-01
34.55,54.2724615322576,18.177690306803,2003-12-02
32,55.7648893335226,35.6479425572219,2003-12-03
29.6,109.131860869934,61.3151287321995,2003-12-05
26.8,60.5307980703337,18.1517572904701,2003-12-06
32,66.9092236440721,21.3591071007194,2003-12-09
46.8,80.898341669924,18.1008753222247,2003-12-11
121.6,74.6308451132431,18.1766766476673,2003-12-14
60.3,73.5904614510185,21.8392669032311,2003-12-23
33.7,77.2630156409653,18.0059706033991,2003-12-24
24.7,82.7933653582745,33.5430560991534,2003-12-25
19.45,94.2147263270506,43.0613373899992,2003-12-26
26.8,104.87149892474,28.8649401976228,2003-12-27
19.45,154.624172444925,18.170834739116,2003-12-31
16.7,41.9099944797172,32.0079349767573,2004-01-03
16.7,24.6825233636029,18.1700312822381,2004-01-04
15.05,19.14130764569,18.1929131043277,2004-01-06
12.85,23.9219707047441,18.1930005679759,2004-01-10
13.95,20.2339979084874,18.1977706450722,2004-01-13
17.8,19.4390526087731,18.190553859004,2004-01-15
15.05,23.036917440537,18.2024379159461,2004-01-20
14.5,18.3616526466341,18.1915814261527,2004-01-24
13.95,21.3390518581298,20.9631228380247,2004-01-26
11.1,20.8403020445112,18.2052264672116,2004-01-27
9.5,23.6588018927012,18.1719872810647,2004-01-30
9.1,29.2776967775645,18.1575695567338,2004-01-31
9.1,29.399801175057,18.2241487978126,2004-02-01
9.1,25.2869430841641,18.1957334275734,2004-02-02
8.7,23.4587123777461,18.1929067089904,2004-02-05
8.7,19.22449163504,18.1964596915362,2004-02-06
8.7,22.989970041551,18.1837683806978,2004-02-07
48.8,34.7680264589358,18.1786226323803,2004-02-08
28.9,39.7531910096901,18.1987391935239,2004-02-12
25.4,26.6288514454168,18.1833818791392,2004-02-15
19.45,27.941299622404,18.2174285217397,2004-02-17
11.5,34.8090904843327,28.3820326625833,2004-02-20
11.5,34.127602925803,18.5559020286929,2004-02-21
11.1,31.5270118503609,18.2000936413261,2004-02-22
83.32,29.7899232983789,18.1776309322596,2004-02-23
17.25,22.1976103146464,18.2113738328694,2004-03-02
16.15,18.514076833142,18.1890347612754,2004-03-04
12.85,18.3931927259822,18.1878861096754,2004-03-05
12.85,19.4977587056077,18.2029415689894,2004-03-07
16.7,19.1380158327906,18.1992303190351,2004-03-10
13.4,16.5104887384749,18.1901972740406,2004-03-12
13.95,17.9047343847702,18.1894884474082,2004-03-14
13.95,18.9441910807409,18.1969345644602,2004-03-15
14.5,20.6335172139399,18.217021501277,2004-03-20
16.15,17.6504350830269,18.1915581675458,2004-03-24
16.15,21.0638813863105,18.2032698561991,2004-03-25
15.6,17.7030578111343,18.1917359967383,2004-03-27
16.15,16.7633324878854,18.1906477966662,2004-03-29
16.15,22.2070300099769,18.1770977060941,2004-03-31
16.15,24.0187546470929,18.1695223226592,2004-04-01
15.6,15.7752366674374,18.194313139463,2004-04-03
15.05,18.7880070870692,18.1955596543209,2004-04-11
15.05,108.194987435689,251.332119142787,2004-04-15
14.5,19.2796676772169,18.1841493941321,2004-04-17
14.5,16.4179248333972,18.1922262769254,2004-04-19
13.4,43.9107142662546,18.0913581060124,2004-04-23
11.5,16.7474036907737,18.1921114085012,2004-04-25
10.7,16.0793359359265,18.1957452287339,2004-04-26
9.9,15.27502595641,18.1967270754135,2004-04-27
6.5,12.7084286451559,18.1886786172389,2004-05-04
6.5,11.6367964814625,18.1926960048677,2004-05-05
5.6,15.2107193221323,18.1836170217618,2004-05-10
5.9,14.8147529287501,18.1819801971694,2004-05-11
4.85,10.8229670733467,18.1907542125607,2004-05-15
4.7,31.5434733712738,72.7428363754476,2004-05-16
20,19.663212929601,18.1962548023608,2004-05-20
10.7,27.0034788681311,18.2044035335126,2004-05-23
9.1,22.7961018198982,35.5525656543531,2004-05-24
10.7,13.0839028647265,18.1929683937938,2004-05-28
10.3,12.6358508200799,18.190578025258,2004-05-29
9.9,12.0896055242781,18.1961319377584,2004-05-31
9.9,19.35446760052,18.2081812716611,2004-06-01
9.1,14.2936864673166,18.1856201982167,2004-06-04
8.3,22.9941304219311,18.1941093469268,2004-06-06
7.4,129.264499432372,220.143961204725,2004-06-08
7.1,18.0802800150176,18.196009150281,2004-06-09
6.8,20.1782765051659,27.9786729507982,2004-06-10
5.9,31.2592170954424,18.158364708074,2004-06-11
4.7,51.3053123319803,51.7771378245698,2004-06-16
4.4,34.648715110523,34.8002715623565,2004-06-21
4.4,48.2782271925737,61.5803363574985,2004-06-22
4.25,30.2877672606664,18.1141145418612,2004-06-25
4.1,120.561929639994,17.5092897650701,2004-06-28
2108.1,288.970361271572,17.4607239588169,2004-06-29
95.8,167.359243137835,71.4404528140117,2004-07-02
43.8,32.2799107965919,18.1788445820816,2004-07-04
35.4,119.61319869675,17.9917264287376,2004-07-06
30.3,29.3856990149579,18.2239008567123,2004-07-08
28.2,27.4563148286774,18.2240943767627,2004-07-09
15.05,17.5317196277071,18.1850389409803,2004-07-14
12.85,22.4905455898159,18.1746743593402,2004-07-17
12.3,20.907909945312,18.1938090249244,2004-07-21
19.45,39.3182011108491,18.1225713149348,2004-07-22
22.75,28.0043788346224,18.2173372006075,2004-07-26
17.25,26.4645904572346,18.1755535382981,2004-07-27
15.05,33.6257693682915,18.1787178494991,2004-07-30
13.95,60.055662226765,83.9112793759462,2004-08-01
12.85,24.6158507484551,18.215774662861,2004-08-04
12.85,28.9019392668432,18.1724876638775,2004-08-06
11.5,20.1883195259819,18.1917008927911,2004-08-07
11.5,29.7162640602267,30.3057585575302,2004-08-13
11.1,35.1295058755565,18.181362915649,2004-08-14
11.5,17.2705387039932,18.1969018855389,2004-08-17
12.3,30.8089837616132,41.1493284368841,2004-08-27
11.5,22.4871812510683,18.1719081723057,2004-08-28
11.5,16.8948387317591,18.1964655321924,2004-08-31
11.1,21.9249598894039,18.1912131610313,2004-09-01
11.1,105.226402922702,139.45596742462,2004-09-02
12.85,19.7714657801447,18.2041581453463,2004-09-04
12.85,16.7592844700104,18.191705450882,2004-09-07
12.85,15.9512917740884,18.190872159719,2004-09-09
12.3,24.0690902404839,45.5933135947506,2004-09-10
17.25,36.952019138553,29.7425430546042,2004-09-14
21.65,26.6813973926279,18.1749273507692,2004-09-18
21.1,29.1728109035374,18.1729690950039,2004-09-19
18.35,21.5950244111387,18.1780991135891,2004-09-20
16.15,19.0301586045453,18.1895926634005,2004-09-23
15.05,177.080848760871,18.10577454786,2004-09-24
15.05,26.2403834513988,25.7600089992184,2004-09-27
13.95,37.3584990525245,26.0063374929538,2004-10-01
13.4,75.6844715789804,65.8774287937026,2004-10-04
12.85,48.238731018974,20.0107768518053,2004-10-06
12.85,55.9511750301797,18.2091107916353,2004-10-07
12.85,41.3905387052982,18.1899748662966,2004-10-08
11.1,39.4376378609293,31.4426429284933,2004-10-13
10.7,55.429316162483,37.6555206927279,2004-10-14
10.7,45.2226381355695,18.1380194479717,2004-10-16
10.7,46.1481410220294,18.1265033046088,2004-10-18
12.85,37.2492484271498,39.9292327471413,2004-10-19
15.6,47.5056578816052,18.2073714429197,2004-10-20
10.3,39.1894936372705,18.1559163200633,2004-10-23
40.8,85.5739800460775,18.0869536070589,2004-10-25
11.5,58.294401003745,18.2162129646036,2004-10-31
29.6,90.457629626932,65.304726562261,2004-11-04
15.6,191.299657515053,223.179163205216,2004-11-07
9.1,72.5749339945276,36.840721497804,2004-11-09
7.4,115.837460493139,27.8800676644695,2004-11-11
7.1,95.8324056028872,60.0219281364341,2004-11-12
5.3,57.8180519434448,36.1542899829046,2004-11-15
88.8,61.8510242140933,18.2232632072636,2004-11-18
302.1,81.5055367807613,39.0135094698183,2004-11-20
606.4,227.386070191912,18.1686141278476,2004-11-24
254.5,262.350570858787,17.9840785549802,2004-11-26
149.4,235.367095865371,18.0848701949187,2004-11-27
34.55,137.001364828428,55.6507820242188,2004-12-10
30.3,96.8013904543836,18.0586052380832,2004-12-12
35.4,117.529669049437,81.4273185227939,2004-12-14
45.8,155.960482834624,126.20808991696,2004-12-15
30.3,155.447159511529,70.0434813801973,2004-12-21
28.9,77.9685228715469,18.1751417916014,2004-12-22
28.9,183.251769801697,18.0269825898264,2004-12-23
24,124.760003586459,51.2289850865312,2004-12-25
16.15,175.577319943375,69.4721719564017,2004-12-31
11.9,23.8581915779441,33.7722451019621,2005-01-07
11.5,23.9083289725269,18.1874399054839,2005-01-11
11.1,20.391273956023,18.1844725267761,2005-01-13
11.1,18.9859169882327,18.1890897456585,2005-01-15
9.5,18.6329465845543,22.2623364808374,2005-01-19
9.1,19.2003837821205,18.174386286565,2005-01-20
8,36.2404140562233,18.1542112684803,2005-01-22
7.4,24.9797170497349,18.1910944974867,2005-01-24
5.9,18.3012686463466,18.1707602162268,2005-01-28
4.85,17.2295695244977,18.1887704247181,2005-01-30
4.55,27.6304734146223,18.1780396360937,2005-01-31
4.25,16.1270409905231,18.1969636035977,2005-02-04
4.25,24.9454628427786,26.4053315313808,2005-02-05
4.25,12.2986560541572,18.1953129356097,2005-02-08
4.1,11.1921735648592,18.1957886159632,2005-02-09
4.1,11.3561212572071,18.1979840519908,2005-02-10
4.1,11.7878944662766,18.1940747216005,2005-02-13
4.1,24.8223983580117,18.1671946228512,2005-02-14
4.1,30.1117715040828,18.1722456911197,2005-02-15
3.95,27.9488092519744,18.1664456381676,2005-02-17
3.95,13.7285621623127,18.1959130443011,2005-02-18
4.1,21.3244534365051,18.2161908979187,2005-02-21
4.1,20.7914981744464,18.1782471485627,2005-02-22
3.95,16.3741924064573,18.2076814010948,2005-02-23
3.8,16.2281052410697,18.1975097320119,2005-02-25
3.8,17.2561020632073,18.1930444412498,2005-02-26
3.8,37.2505305930698,17.8684438560635,2005-02-27
3.95,15.1495748528464,18.1768969773355,2005-03-01
3.69,14.9635136001288,18.1976439227426,2005-03-05
3.58,11.0713760421486,18.1946815416229,2005-03-09
3.58,15.2622228515924,18.1968699899252,2005-03-12
3.47,24.2052285808822,18.1814487327625,2005-03-13
3.47,20.3290276893817,34.0627415123205,2005-03-16
36.25,15.4813870292058,18.1960158293805,2005-03-19
17.25,20.7523399411303,18.1877327364028,2005-03-24
20,28.4382917616837,18.2101271905761,2005-03-25
9.1,20.7561156668874,18.2063842069041,2005-03-29
7.7,20.1281828055993,18.1915327658196,2005-03-31
6.5,13.618499207304,18.2000742913618,2005-04-01
5.3,10.1660086569807,18.1932580189158,2005-04-03
5.3,10.6826245087894,18.1883004329056,2005-04-04
5,15.7394969138372,18.1914524313723,2005-04-08
4.85,12.0285881609308,18.1935887802184,2005-04-10
4.7,18.9327124472279,18.2161302870559,2005-04-11
4.7,10.6454487352773,18.1911720955069,2005-04-14
4.7,10.573936650079,18.1922659432621,2005-04-15
4.55,13.688552845353,18.2055442096208,2005-04-17
4.4,13.6414779556017,18.1926621432463,2005-04-20
4.25,12.4531906291857,18.1916000660687,2005-04-23
4.4,15.0661635606619,21.4481027629347,2005-04-26
4.4,18.4768669589045,18.185684167025,2005-04-28
4.4,13.2912176701726,18.1798425028466,2005-05-01
4.25,16.5237009643724,18.1858506140783,2005-05-04
4.4,11.6998330332409,18.1906108163799,2005-05-05
4.25,11.4225933959904,18.1950262330323,2005-05-07
4.25,12.1844172471515,18.1957033775348,2005-05-08
4.25,12.2294845323809,18.1964656735284,2005-05-10
4.4,17.16344147648,18.1766338839187,2005-05-20
4.4,26.6761580227032,29.1901107718986,2005-05-24
4.55,35.6912396325972,18.0646862323507,2005-05-25
5.6,17.0875597717532,18.2057103407305,2005-05-27
5.6,18.6414349379022,18.1881878622372,2005-05-28
7.1,16.3410586851417,18.1998674075608,2005-05-29
24.7,22.2941758966519,18.1902099032342,2005-06-01
27.5,20.9551522401259,18.1930117707031,2005-06-03
35.4,26.4252690514378,18.1713251440768,2005-06-05
22.75,27.6329870307519,18.1901601439799,2005-06-06
71.8,25.4696450970434,18.2068140909181,2005-06-09
10.7,16.4091300934563,18.1927734030356,2005-06-15
13.95,21.1674456357057,18.1972269839777,2005-06-23
11.9,31.1031923702921,18.1725697851175,2005-06-24
12.3,18.7816311218619,18.1872784017356,2005-06-25
18.35,21.1863854736914,18.1931336003388,2005-06-26
21.65,27.1739692933419,18.1870163664552,2005-06-27
9.5,71.3900452256117,59.2239487576958,2005-07-01
8.7,110.706506066908,153.185043854826,2005-07-02
8,113.366695895042,17.2945042257983,2005-07-09
7.7,13.3621255271694,18.1947362742469,2005-07-11
7.4,21.0979067232707,18.1658134558043,2005-07-12
6.8,270.813391332399,294.511513867675,2005-07-13
6.5,46.9978864239096,18.2082766830932,2005-07-14
6.2,12.8092296482037,18.194896162842,2005-07-15
5.15,16.8408742143641,18.1871315565367,2005-07-25
20.55,22.1608745969497,22.1796993432672,2005-07-28
8.3,29.1492677238938,18.1577138160761,2005-07-29
6.8,28.2302850938298,39.2047577307439,2005-08-02
5.9,20.3980408791338,18.1747698185351,2005-08-06
8,80.0735711914379,18.2174296535341,2005-08-08
6.5,89.806927394657,18.1440418030043,2005-08-09
338.5,144.918342887906,37.1422806938823,2005-08-13
14.5,63.1342370976574,18.2179034818857,2005-08-20
12.3,19.9588581867583,18.2151409804828,2005-08-21
10.7,22.2918384086505,18.1856071730023,2005-08-23
8.3,49.0718466088375,18.0827792690249,2005-08-25
8,23.5110039185382,18.1671464215448,2005-08-27
8,61.5711090730935,18.1349587628079,2005-08-28
8,40.1806036535066,18.1863461054082,2005-08-29
8,50.0209156830668,18.1761072225365,2005-08-31
11.1,36.203725246176,26.2994458429379,2005-09-01
10.3,46.1580719032365,36.1240159573146,2005-09-03
8.3,25.2343799064499,18.2231761970053,2005-09-06
8.3,40.7672231724601,18.1965540344337,2005-09-07
8,35.4795018377009,18.2036307274134,2005-09-10
7.7,34.001515475939,18.2114480736213,2005-09-13
28.2,51.3950172745505,46.3520975943043,2005-09-15
166.4,59.7353254818725,18.2185982941178,2005-09-17
97.2,77.5182657709902,18.2067988052071,2005-09-20
338.5,49.8657208883456,18.1673618387549,2005-09-21
48.8,46.7072158163779,18.1715802100581,2005-09-24
36.25,48.4067202491282,34.8200686070666,2005-09-26
29.6,58.9862923704843,39.8945911755004,2005-09-27
21.1,26.8110761845387,18.1955346851661,2005-09-29
15.6,99.8055774227903,18.0384817025994,2005-10-01
11.9,62.313840450418,49.0876589550033,2005-10-03
14.5,164.538225395364,49.1376724798701,2005-10-05
11.5,85.3321321244837,52.4579111333426,2005-10-06
10.7,132.544927407686,18.0074862301024,2005-10-07
40.8,96.0486741323431,95.3411148991925,2005-10-11
10.7,66.5993413346154,18.1570589847115,2005-10-17
38.8,41.5793721536341,18.2035737003212,2005-10-20
26.8,59.733386801526,68.4981583480665,2005-10-24
32,71.5245757113825,27.8726844949414,2005-10-25
71.8,51.5039980580557,18.2036809356512,2005-10-28
63.75,105.126968901435,40.713083137291,2005-10-30
66.05,57.3580120202908,18.1687306844023,2005-10-31
66.05,107.489360377343,48.877387775211,2005-11-01
88.8,112.506268745804,48.3539192417825,2005-11-02
75.64,161.64154561609,53.2791205874732,2005-11-04
115.6,304.981958006403,246.661132990677,2005-11-05
38.8,107.054844245848,18.1137637702107,2005-11-08
37.1,114.193846552147,18.1447633552061,2005-11-09
17.25,222.365362456936,101.200818391148,2005-11-14
15.05,158.939026083897,68.9405196247816,2005-11-15
12.3,230.397203808192,149.2304236499,2005-11-16
11.9,212.412396678591,67.8658772239557,2005-11-17
103.7,147.629875528062,83.3564795965346,2005-11-19
115.6,118.998656843757,18.1349950882861,2005-11-21
74.36,80.7456410547071,18.2207217035215,2005-11-22
32,109.047524109094,18.0634594640419,2005-11-24
20,279.437810152232,45.7669689082239,2005-11-27
822.9,191.02510699409,79.1574619770727,2005-11-28
135.6,137.921317682521,55.3760854446114,2005-12-05
63.75,127.820131093328,18.1536928712147,2005-12-08
140.2,181.643790233618,51.7833899954167,2005-12-15
125.6,232.52220628857,104.893847666318,2005-12-16
113.9,211.607045722372,94.7630211332526,2005-12-17
88.8,89.0982577055703,41.4758796483876,2005-12-18
63.75,96.5279717042431,18.1868361122653,2005-12-20
60.3,90.9338944891019,18.0941080732095,2005-12-21
59.15,127.232817084672,37.2975875796708,2005-12-22
666.1,107.801327535098,53.4747025422606,2005-12-29
415.9,228.153483484474,142.549171879172,2005-12-30
222.9,107.081078276033,18.1478312733312,2005-12-31
52.25,91.4358817454805,18.1542461758277,2006-01-03
27.5,57.0457044772089,20.3807537304376,2006-01-06
22.75,76.453933925099,18.1422548255472,2006-01-07
11.5,81.9731480579572,18.1017123139681,2006-01-10
10.7,55.9135133558033,18.1203447019356,2006-01-11
10.3,136.265141423533,90.505403245441,2006-01-12
9.9,128.358383190975,56.1163634265314,2006-01-13
8.7,55.790709118437,18.1929268221358,2006-01-14
8,147.379769359063,95.1441244042265,2006-01-17
7.7,101.379252200307,17.9463563239746,2006-01-18
7.4,143.509352081831,17.6099968087644,2006-01-23
680.8,170.351134943517,17.3990265746851,2006-01-26
21.65,28.5272050115892,18.1790539586378,2006-02-14
18.35,25.5622085506097,18.1989617287099,2006-02-15
13.4,27.3035956242554,18.1790766155266,2006-02-16
11.5,16.9125509041508,18.1885841875354,2006-02-20
11.5,18.391379928971,18.1933115467991,2006-02-23
11.1,20.3491740714218,18.1962701262765,2006-02-25
11.1,18.3594581449318,18.1938053995203,2006-03-02
11.5,16.7866136086008,18.191465951825,2006-03-03
11.5,24.4315509361282,22.0853663946172,2006-03-04
18.35,23.3691676014122,18.1778995841413,2006-03-09
15.05,21.421026056527,18.1947346746677,2006-03-11
32,28.5163351597717,18.1899819605587,2006-03-16
23.3,26.522823042224,18.2168866311962,2006-03-17
20,25.269332161611,25.6908341271144,2006-03-18
17.8,18.291297005162,18.1906679698776,2006-03-19
16.7,22.5191941619958,18.191423309584,2006-03-21
16.15,22.8096710250294,18.2001942370726,2006-03-22
15.6,22.5259117270165,18.185492524863,2006-03-23
12.3,16.3270692998945,18.1921664802901,2006-03-28
12.3,17.1813706840694,18.1925705674753,2006-04-05
11.5,17.3576635843847,18.1906304921525,2006-04-07
11.5,19.1869012130217,18.1974751562241,2006-04-08
11.5,24.7605463836339,18.1782237200252,2006-04-09
11.5,15.9778438762216,18.1886106918495,2006-04-10
11.5,16.3155381672,18.1889420135016,2006-04-13
11.1,34.8625048847622,18.2245342024026,2006-04-16
9.9,22.7417904937893,18.1921983713403,2006-04-21
9.9,15.664337681339,18.200268339975,2006-04-22
9.9,15.6413673679255,18.1851569770156,2006-04-23
9.5,18.2695822599048,18.2088215891927,2006-04-28
8.3,18.5923785923344,18.7500428531826,2006-05-01
7.4,14.8311955107727,18.2008430316637,2006-05-02
5,15.7541482356268,18.1720452760847,2006-05-06
4.4,15.8369794359062,18.1964100135215,2006-05-08
4.25,22.2432365366343,18.1598956663975,2006-05-09
4.1,16.7176975940572,24.4508724007632,2006-05-10
2.92,14.2007614721003,18.1948219284592,2006-05-12
8.3,14.4426274540412,18.1928351614865,2006-05-13
22.2,21.6896868663587,18.1808507000895,2006-05-14
29.6,35.4385642063788,18.213321905831,2006-05-15
20.55,21.8551685153886,18.1811238941462,2006-05-17
21.1,30.8970677094855,26.994659361067,2006-05-24
20,22.470106024149,18.2019797564955,2006-05-27
18.9,93.5492572435439,17.9378666978998,2006-05-30
17.25,20.295109391678,18.1767683350619,2006-06-01
14.5,40.0655340733568,70.2672673797826,2006-06-02
9.9,15.5284665696331,18.1786599877733,2006-06-04
8.3,18.4384257038121,18.180456310551,2006-06-07
7.7,13.4964657385742,18.1928981298004,2006-06-08
6.8,13.9210285439127,18.1921338250137,2006-06-09
6.2,15.9123708958397,18.1919042418828,2006-06-10
5.9,15.7945233025896,18.1848955699764,2006-06-11
5.3,21.5653877350856,18.2130538078991,2006-06-12
5.3,20.5819311992522,49.710664777274,2006-06-19
2.81,15.7218338072023,31.9811913538161,2006-06-25
2.61,17.4195786369786,18.1912335557016,2006-06-27
2.6,14.553836414525,24.5715091377294,2006-06-29
2.6,12.6380218031355,18.1755766121049,2006-06-30
2.595,43.7872813627553,18.1621969605805,2006-07-03
2.59,49.6866195560228,62.6629503244468,2006-07-05
2.585,27.0197397785708,18.1538921886689,2006-07-06
2.58,24.2305965064721,18.172714618859,2006-07-07
46.8,23.9772690194217,18.2163578794381,2006-07-09
43.8,19.9893084263786,18.1988051207532,2006-07-10
51.1,24.9700533432566,18.17362050287,2006-07-11
6.2,28.4642149168274,18.1592220227434,2006-07-14
4.85,24.9292680373165,19.0228562067751,2006-07-15
3.25,17.8889101622211,18.1935412793878,2006-07-17
2.7,22.3303460497474,32.5888685339574,2006-07-19
2.69,22.2767890701901,18.1836129637471,2006-07-20
2.67,17.2084797933364,18.1916794044644,2006-07-21
4.25,39.0226168118396,18.079561601526,2006-07-25
26.8,35.3261781625849,18.2049189966692,2006-07-29
67.2,160.181417734162,35.2555039215738,2006-07-31
38.8,33.74752742016,18.2008162932942,2006-08-03
29.6,37.3692105224282,18.199410607779,2006-08-04
18.9,32.2606381795453,28.3535418432432,2006-08-06
9.1,37.540244654593,21.4522604714665,2006-08-09
8,33.0875649247375,18.1595048363392,2006-08-10
9.1,56.5936495493694,18.2158960070966,2006-08-11
15.6,29.7669159535402,20.9624594083565,2006-08-12
20.55,34.9542397566986,18.188463259381,2006-08-16
18.35,32.6508055608468,18.1858094959579,2006-08-17
17.25,30.0825704935805,20.8089270274434,2006-08-18
17.25,30.9205864392514,18.20575149188,2006-08-19
14.5,35.4766397398346,20.3384439201964,2006-08-28
14.5,23.903682351048,18.1799194520641,2006-09-02
15.05,58.6273906516869,30.1269862005493,2006-09-04
14.5,25.6662161792352,18.2241985243525,2006-09-05
14.5,34.2056168058275,31.4413985181006,2006-09-07
15.05,21.8971366329048,18.1624441113267,2006-09-08
13.95,19.7134250932294,18.2160833836769,2006-09-09
11.5,55.7560064882808,18.2070751316962,2006-09-13
10.7,37.4564792681213,40.288913976154,2006-09-16
8.7,38.1358477359198,18.2089450388279,2006-09-20
6.2,103.551535341546,18.1655980836303,2006-09-22
4.7,19.2202655026175,18.1970848340077,2006-09-23
3.8,22.4673161314114,18.2262007022266,2006-09-24
54.55,170.97026103986,17.9822726690765,2006-10-03
52.25,46.3312082882864,18.1958341085276,2006-10-05
26.1,67.6805417838999,64.0491722756188,2006-10-09
23.3,108.024794758804,17.6687516148821,2006-10-10
16.7,42.0271009711233,32.4975828783477,2006-10-15
15.6,40.0400732087606,18.1732682794725,2006-10-16
14.5,52.5410694523566,18.2014118418522,2006-10-17
9.5,98.5828548827823,23.036964043581,2006-10-19
229.1,141.233128885558,50.3444909802509,2006-10-25
680.8,182.328461586354,18.1809562052034,2006-10-26
754.3,171.140255458464,165.112421158664,2006-10-29
936.6,129.950875181229,77.9030756444619,2006-10-31
69.5,161.140713146707,85.3143696612403,2006-11-02
35.4,140.991639513889,17.8890183354267,2006-11-04
20,136.37314851276,26.9933315484138,2006-11-06
66.05,120.90790371763,18.1782396712551,2006-11-10
97.2,92.7805910998791,18.2195749648334,2006-11-11
107.1,74.9373675054201,28.556781899374,2006-11-12
40.8,91.4355737694852,18.0534914837553,2006-11-15
9.5,71.0057052772166,61.9614731995093,2006-11-20
9.9,73.9902639903617,37.010763397696,2006-11-21
4.7,113.912715840827,42.6673152467522,2006-11-23
3.58,220.53982399643,47.1341588918485,2006-11-25
3.36,112.180965715247,73.475965186086,2006-11-26
2.68,171.711811116318,18.0674059945297,2006-11-27
584.4,148.144162387202,45.0716271755141,2006-12-03
384.7,152.045894815765,38.8540307226765,2006-12-05
67.2,168.058748672851,18.0503743623841,2006-12-08
754.3,251.563119551973,87.4236752770845,2006-12-12
571.2,278.981041576495,104.800114030341,2006-12-13
110.5,107.878723100664,71.260661241018,2006-12-17
53.4,179.656458352,164.876832213972,2006-12-18
47.8,189.440366285223,18.1623061502404,2006-12-19
37.95,118.476471750437,23.7804009437735,2006-12-22
30.3,128.453221734027,32.216033431091,2006-12-25
30.3,131.99832562622,18.0669316551663,2006-12-28
30.3,131.872838756211,41.5100016899613,2006-12-29
30.3,131.886523261283,81.6929627026021,2006-12-31
39.8,34.7283501721011,18.2001771781564,2007-01-02
23.3,44.3763953135457,43.7641254486852,2007-01-04
21.1,47.0054436082224,31.8405347672172,2007-01-05
38.8,37.5012237983734,18.2110803990866,2007-01-09
30.3,28.9761643167951,18.2218732882649,2007-01-11
75.64,32.9026553668669,18.172161025275,2007-01-14
62.6,39.9285523128342,18.1729939923204,2007-01-16
48.8,39.7360871900011,18.2090556275951,2007-01-17
27.5,37.8365652940155,27.2812151328141,2007-01-20
24,28.6151968518736,18.2081113449989,2007-01-21
13.95,36.0795615584481,18.2184442144084,2007-01-24
13.95,28.949558144275,18.1759720627079,2007-01-25
14.5,28.6116351363187,18.1533455391191,2007-01-27
14.5,60.2971085429839,18.1724856876356,2007-01-28
15.05,57.2342453301757,18.054950373715,2007-01-30
21.1,39.2488945572262,42.7924176931165,2007-02-01
16.7,45.4297665142996,18.210444437834,2007-02-03
26.8,23.0001786665467,18.2461496571435,2007-02-07
42.8,20.4759659431237,18.1967877738145,2007-02-08
20,22.6165528927528,18.1950874711517,2007-02-09
14.5,21.7594498430106,18.1970955472623,2007-02-10
13.95,23.2743917397751,18.1940118981978,2007-02-11
13.95,27.5739706717379,18.2104673249458,2007-02-13
13.4,27.4917990342979,21.1700235677076,2007-02-15
13.4,23.9678926874575,18.1905358144674,2007-02-16
12.3,16.7984391316199,18.1902802024925,2007-02-20
12.85,21.5841694763631,18.200887721721,2007-02-22
12.3,18.8155689459715,18.1997874839513,2007-02-23
11.9,16.6076571200469,18.191805120597,2007-02-28
11.1,23.9096799572772,18.1715238160667,2007-03-06
11.1,30.1655850867153,35.6548154529261,2007-03-07
11.1,17.3597683058088,18.1919783643168,2007-03-09
11.1,17.5632076509832,18.1882159365243,2007-03-12
10.7,16.6333982429141,18.1920178193051,2007-03-13
11.1,23.3906271105729,18.1707428446073,2007-03-15
11.1,17.2839256267669,18.1893251782602,2007-03-18
64.9,32.3884591467793,18.208162176456,2007-03-24
55.7,27.4495118891629,18.1987806969329,2007-03-25
16.15,20.7474352194064,18.2088919911891,2007-04-01
14.5,19.5775456154225,18.2190111029103,2007-04-05
12.85,24.8424695566888,18.1904020639423,2007-04-07
10.7,16.7826399712654,18.1984315395603,2007-04-15
10.7,15.8877851974305,18.1881093885992,2007-04-16
10.7,19.477030810031,18.1952468915144,2007-04-18
10.7,17.7591170560804,18.1817350599105,2007-04-19
9.9,25.6611065065643,18.1755264804843,2007-04-22
8.3,29.6123124332516,18.1725073327268,2007-04-27
8,24.3143538012433,18.1374809135483,2007-04-28
8,14.4122501566567,18.2014715090877,2007-05-03
7.7,13.2767199040097,18.1889020205916,2007-05-06
7.1,17.8804024882743,18.2146668100306,2007-05-14
7.1,61.5291017809051,40.8321180713234,2007-05-17
7.1,32.7582587654686,43.2418238488913,2007-05-19
7.1,16.117141678279,18.2116458336869,2007-05-23
7.1,15.5647554793794,18.1921738071504,2007-05-24
7.1,154.546598790512,93.1537543384919,2007-05-25
7.1,12.9525718413086,18.1912706197576,2007-05-27
7.1,14.5184082353574,18.1898623101692,2007-05-31
7.1,14.4743967322548,18.1980896964713,2007-06-01
8.3,20.6312406377159,18.1964264795091,2007-06-03
11.9,132.532787278423,17.9334820209708,2007-06-06
9.1,30.3842416813066,24.4307127383273,2007-06-11
8.7,20.5409235048954,18.1652075924873,2007-06-17
15.6,18.5650994500265,18.1796287977213,2007-06-22
19.45,39.0954721135779,18.1917302507756,2007-06-23
43.8,22.9515271133953,18.1933002892201,2007-06-25
42.8,22.9947085890633,18.2021655655432,2007-06-26
10.7,37.347844497718,18.1299349761785,2007-07-03
8,56.215207710434,18.1654094074105,2007-07-05
7.7,25.9876554302425,18.1597902271436,2007-07-06
7.1,56.395343504594,149.58316160052,2007-07-14
6.8,63.320875734565,25.9157309664119,2007-07-15
6.8,172.799733770048,79.9678590099911,2007-07-16
6.8,14.9291647768019,18.1880900689787,2007-07-17
5.9,52.6688460520157,18.0850344001648,2007-07-21
6.5,13.6848379532613,18.1908685158834,2007-07-25
7.7,11.9575973534197,18.1945557607954,2007-07-27
7.4,14.351466291274,18.1895603292772,2007-07-29
9.9,31.257360539323,18.1954171946295,2007-08-01
11.9,33.2140129310662,18.1726445175587,2007-08-04
11.5,22.4399930284117,18.1984814313306,2007-08-09
11.1,31.2602903477442,18.2190479609441,2007-08-10
10.7,28.8965502731559,18.1815400954265,2007-08-12
9.5,31.8979213807576,18.1709980579822,2007-08-14
49.95,26.8485798967139,18.1819826708274,2007-08-18
34.55,30.6282816840989,18.1782106564809,2007-08-20
16.15,34.07723842211,18.765019190249,2007-08-23
12.85,31.2834949604046,18.1759943706162,2007-08-24
23.3,24.4919035130056,18.1953783122471,2007-08-26
9.1,31.5309934657771,18.1996879373259,2007-09-01
7.7,16.3462822511701,18.1915643058148,2007-09-03
7.4,19.1377558118365,18.1715141047052,2007-09-04
7.1,44.4252786003582,18.1584408962759,2007-09-05
7.4,21.9119405162847,18.1998399398872,2007-09-07
7.4,24.3257779214022,18.1807498934779,2007-09-08
6.8,16.2201233759221,18.2021755654116,2007-09-11
5,34.3658193834614,22.2695222507143,2007-09-14
8.3,48.0423630168235,18.1300874288793,2007-09-20
6.5,44.4567523230202,18.1971224846646,2007-09-23
19.45,34.8211599479659,18.186572695627,2007-09-25
13.4,23.2479382127795,19.11547867741,2007-09-27
281.1,23.1489736642024,28.8415027425802,2007-09-29
95.8,119.919968798334,18.1535115242396,2007-10-04
31.15,71.0578942327096,18.1682647579852,2007-10-12
32,75.5515801106595,18.1851805892062,2007-10-13
37.1,77.190427379622,18.1648176495396,2007-10-16
46.8,74.0538514975059,38.1709036366296,2007-10-17
49.95,108.955189681648,18.1459323936379,2007-10-18
40.8,118.086963701134,49.7991030208126,2007-10-19
235.3,102.317860697102,31.4260678853416,2007-10-25
137.9,91.8582444291907,18.1496763216388,2007-10-27
54.55,192.774111707252,18.1000118480145,2007-11-03
56.85,148.067243785374,18.0195728495224,2007-11-09
88.8,116.901536136627,18.1553095841184,2007-11-12
74.36,120.363392375678,18.1709579826684,2007-11-13
509.6,140.549690064337,18.113465576919,2007-11-16
295.1,100.879631161445,18.1930194097055,2007-11-17
184.6,165.962569074011,85.7647067828407,2007-11-18
82.04,121.595718716148,38.4823533735696,2007-11-19
219.8,122.092517325543,57.6792487906159,2007-11-22
113.9,162.857599740971,66.8255378915498,2007-11-23
147.1,154.617509907098,17.8615087156825,2007-11-24
56.85,225.111940465407,110.003469508506,2007-11-30
47.8,253.876375988873,18.0635090580341,2007-12-01
123.6,150.701352959261,114.619447922252,2007-12-06
34.55,87.4270577691669,18.1755066645093,2007-12-15
25.4,76.4548463352852,25.5112816813789,2007-12-20
16.7,160.19519711965,162.909958256679,2007-12-23
46.8,74.9969430528254,18.1450296402636,2007-12-25
41.8,73.5511280152181,18.1003018585851,2007-12-26
28.2,56.8790198600034,18.2114011552544,2007-12-30
45.8,40.5127470272002,18.177058491158,2008-01-01
38.8,44.3374376893915,18.1786272129024,2008-01-02
20.55,55.4943783993152,19.5399159519303,2008-01-11
78.2,80.2254447960149,18.1254708684142,2008-01-13
113.9,50.9977568367724,20.2233462550913,2008-01-14
83.32,62.3461507075854,18.1693151097559,2008-01-17
44.8,54.1501548508064,18.1965034997915,2008-01-21
76.92,70.1384671447935,18.1521041700927,2008-01-22
121.6,60.8547180848509,18.1779439859054,2008-01-25
36.25,66.0239944576336,18.164347557354,2008-01-30
27.5,61.9024238212222,18.2013040168509,2008-02-01
22.75,49.6067859645824,18.1871329921296,2008-02-03
21.1,58.6821052454949,31.5838410539658,2008-02-04
22.2,43.2930470374529,18.2142387027726,2008-02-05
24.7,46.6795606684863,23.8192379698613,2008-02-06
17.8,39.7364149245652,45.731335151976,2008-02-09
18.35,29.562026624186,18.1973805688294,2008-02-14
17.8,31.5274939870526,26.2616305175138,2008-02-15
26.8,29.1857164378943,18.2006651221033,2008-02-16
44.8,30.3806068552954,18.1999858485712,2008-02-19
53.4,29.774147817096,18.1960126849454,2008-02-20
46.8,28.1347035335304,18.1786308414048,2008-02-21
38.8,29.9083230243855,18.1958925131217,2008-02-22
47.8,29.184215266091,18.1967610975263,2008-02-23
28.9,34.7289631628324,22.7393844406899,2008-03-05
24.7,42.9715465162979,18.1480609891873,2008-03-08
20.55,37.9697835878473,18.1680122502445,2008-03-10
15.05,23.9586525287475,18.1922313652223,2008-03-12
15.05,27.8117984550348,18.190704852103,2008-03-13
14.5,28.7418554721853,18.1797793868286,2008-03-14
14.5,38.6868302274442,60.0911843434539,2008-03-15
12.85,19.264419290284,18.1900053295146,2008-03-17
15.6,19.210488709219,18.1893181850796,2008-03-21
15.05,29.6452739488187,18.1807015455444,2008-03-24
14.5,34.2510932612862,55.1854867091215,2008-03-25
13.4,24.0479645544644,18.1879356500009,2008-03-27
24.7,21.9158524052588,18.1895484184633,2008-04-02
16.15,21.1817698531381,18.1917205756176,2008-04-06
13.4,21.2645115120962,18.1938135013785,2008-04-09
13.95,32.6586614250555,18.2009750371857,2008-04-15
14.5,21.515560502464,18.190685349867,2008-04-17
14.5,22.0122543512709,18.1896974431638,2008-04-18
13.4,19.7965102614453,18.1907327678472,2008-04-21
13.4,24.2713606726161,18.1942028155972,2008-04-23
13.4,26.9783695034137,18.1988557807054,2008-04-24
12.85,20.3582815430192,18.189184527443,2008-04-25
16.15,23.9012118960551,18.1786947224222,2008-04-27
18.35,21.0905443734529,18.1921353153677,2008-04-28
18.35,21.6954736043097,18.1931077665898,2008-04-29
18.35,27.2605858779878,18.1903920479062,2008-05-09
18.35,31.7695018739608,18.2105807026474,2008-05-10
17.8,28.4055142812322,18.1934575700122,2008-05-12
17.25,31.4667842232318,18.1982041042494,2008-05-13
35.4,29.2200907729391,18.1946929345662,2008-05-14
42.8,75.547555396102,18.052694178611,2008-05-17
35.4,30.9564648393952,18.1901446078076,2008-05-20
22.2,31.2648831992174,18.1892243459321,2008-05-23
21.65,23.8091639966537,18.1970668822693,2008-05-27
18.9,26.103753525983,18.1778625465725,2008-05-29
22.2,24.2160120786017,18.191639749279,2008-05-30
21.65,24.9903815188983,18.2201020254472,2008-05-31
17.8,21.9870426052164,18.1907725997602,2008-06-04
15.6,26.3883624969471,19.4212606704496,2008-06-13
16.7,26.1891462062351,18.1858327768317,2008-06-17
15.05,38.6457754430089,18.1705912136169,2008-06-18
16.7,30.9657577813519,18.2127520661381,2008-06-20
15.6,30.4599923377605,18.1875899561423,2008-06-24
20,28.0865066619821,18.1862906146779,2008-06-29
16.7,40.0464526289141,18.2068020901343,2008-07-01
16.15,30.7570527617228,18.2018168970621,2008-07-02
16.15,31.8402936748763,18.2001388496061,2008-07-09
18.35,24.2757564697887,18.1970468035987,2008-07-12
18.9,46.8421452837362,18.1681678848664,2008-07-15
20.55,22.5198268446934,18.1923637471381,2008-07-21
20,24.7485875887104,18.202697737763,2008-07-22
18.35,34.5287525323677,20.9064345037491,2008-07-30
17.8,65.6187666118972,40.3358622568619,2008-07-31
17.25,38.9600060163066,18.1511756542133,2008-08-01
54.55,59.4092064883779,30.8528242862344,2008-08-05
39.8,69.5143418788893,18.1098838992519,2008-08-06
20,36.8042729656276,18.1785796956323,2008-08-13
18.9,35.3480273813366,23.077843095733,2008-08-15
1032.1,44.1594060559169,18.1898869959311,2008-08-20
154,39.8076073691464,18.1962162966187,2008-08-21
75.64,40.4461254989716,18.1935743473377,2008-08-23
63.75,40.4908676007755,18.2141634510204,2008-08-24
47.8,49.2613871972338,18.1960715441159,2008-08-25
133.6,50.4376341014008,18.2012272936463,2008-08-26
66.05,59.1193543233613,19.5721789362823,2008-08-29
55.7,61.5460683518523,18.1075216576487,2008-08-30
25.4,43.5445655646195,18.1551720557017,2008-09-15
18.9,52.9106490508665,18.0988561251837,2008-09-19
219.8,115.701242241754,18.0122662111988,2008-09-23
60.3,79.2374791672867,18.0468931862146,2008-09-25
55.7,58.036215846829,18.1602279371722,2008-09-26
53.4,60.9272099102799,18.1735949077439,2008-09-29
53.4,57.0043037366067,18.2236762243084,2008-10-04
47.8,153.678782685599,130.404914430201,2008-10-06
45.8,192.646580383864,173.007959266238,2008-10-07
41.8,135.533111921905,18.1610033412306,2008-10-09
31.15,186.384589476313,101.435496065269,2008-10-12
60.3,56.4121202289731,18.2195833907901,2008-10-14
64.9,68.3779560743264,18.1447268009098,2008-10-16
35.4,84.7692138661765,42.0221243276107,2008-10-18
29.6,143.813676104517,109.975288058306,2008-10-22
26.8,209.063315817418,146.538303638708,2008-10-23
38.8,51.2361006197779,18.177935175766,2008-10-24
39.8,55.1466180385135,18.1747974649165,2008-10-26
51.1,68.1801880345931,57.2128673154229,2008-10-28
47.8,68.1140719403286,18.1507160615241,2008-10-29
41.8,62.7206238520698,32.2919985802752,2008-10-30
37.95,60.8959759694336,18.1717196202674,2008-10-31
41.8,97.3800506574621,34.9541449718832,2008-11-03
34.55,58.1923977673306,18.1624945405195,2008-11-05
46.8,135.045227050081,18.1656312037736,2008-11-09
54.55,81.9263736505029,18.2189426653355,2008-11-11
43.8,70.571009313704,18.1649258024753,2008-11-12
37.1,61.2820438700025,18.1715744382997,2008-11-14
34.55,657.053400683175,569.636366734463,2008-11-16
38.8,704.580690584421,486.802325942475,2008-11-17
161.2,555.066503122868,260.872520750347,2008-11-18
267.7,650.514799472807,523.938739724667,2008-11-19
232.2,767.036801119252,465.8587234177,2008-11-20
1803.9,833.207027242667,582.293716190404,2008-11-21
558,303.771570990529,104.424547345293,2008-11-25
156.3,144.878760081233,18.1430829021948,2008-11-27
88.8,147.468912721596,18.1705922048928,2008-11-29
79.48,98.2396979939797,18.1715261833154,2008-11-30
43.8,64.2541972358812,18.2245099774114,2008-12-09
35.4,59.7389594060356,18.1602510908342,2008-12-12
24,47.7527413673438,18.1946098667309,2008-12-17
22.2,58.7706347099755,25.006793608877,2008-12-20
47.8,61.0760546004527,18.1910339704162,2008-12-24
37.95,53.5527593735403,18.1924212876152,2008-12-26
80.76,67.7383028702029,18.0892023876094,2008-12-30
48.8,41.6965013557097,18.1915876763228,2009-01-06
51.1,46.7305677452921,18.2042964931162,2009-01-09
45.8,42.9380502513566,18.1911789133528,2009-01-10
40.8,43.7597439946748,18.1764414601945,2009-01-11
37.95,51.577468790789,18.1788767572268,2009-01-12
33.7,44.8378957489782,18.2105278601378,2009-01-13
31.15,57.8788275338308,18.1698535987056,2009-01-14
24.7,41.116434784827,18.2256258708367,2009-01-17
23.3,50.5032588686799,18.216801404397,2009-01-18
22.2,44.4659351048246,18.2249611832759,2009-01-19
18.9,52.1714594250159,18.1786207436983,2009-01-21
44.8,53.1291366463013,18.1244644813552,2009-01-23
38.8,44.1429464175336,18.1786352572462,2009-01-24
22.75,45.5210139498639,18.1755137565919,2009-01-26
25.4,49.1460854539081,18.1769630657342,2009-01-28
25.4,44.0423240048814,18.2125360827561,2009-01-30
22.2,43.9784889394615,18.1975378527301,2009-01-31
20.55,32.9206560445969,18.2042644771684,2009-02-02
20.55,31.878043790875,18.2059815465339,2009-02-04
37.1,76.7829842389483,28.4974723386648,2009-02-06
30.3,33.8553019188185,18.193539882663,2009-02-07
21.1,48.3885527527262,18.1768918479782,2009-02-10
20.55,76.6604361096379,75.1666175425066,2009-02-11
19.45,74.9894932572497,25.1579496467518,2009-02-15
35.4,86.7870240496398,18.1232896875147,2009-02-17
46.8,48.5761182330271,53.9392215270545,2009-02-23
27.5,31.4291033876219,18.1875077360066,2009-03-01
21.1,38.9123247695676,18.1785339118951,2009-03-07
20.55,30.6491140620635,18.1952654672671,2009-03-08
20.55,51.9617980059564,32.4958671472115,2009-03-09
20.55,34.3262211600777,18.1877954569618,2009-03-10
31.15,38.7655063088125,18.1856541389153,2009-03-18
21.65,34.1798342919854,18.1924940960281,2009-03-25
20,35.091569190866,18.1976692710382,2009-03-27
20,40.8259736063954,24.7434878560177,2009-03-28
20,111.641070412659,17.9471955611965,2009-03-29
19.45,49.7206420807954,31.780863420688,2009-03-31
19.45,49.9746060966517,18.1412091053461,2009-04-01
75.64,49.7781421473498,21.4084745003745,2009-04-02
39.8,66.7056915174142,61.3574273736139,2009-04-06
30.3,54.3873109530884,42.4967441647429,2009-04-10
29.6,48.6727904213692,18.1924258199804,2009-04-11
28.2,36.9455848368211,18.1916518303153,2009-04-12
35.4,35.6873395140905,18.1913499825893,2009-04-16
32,38.1219774697112,18.1885352122625,2009-04-18
42.8,54.943221143587,33.0811146577446,2009-04-22
52.25,47.6914384419881,29.3232382244797,2009-04-26
31.15,38.3601465622923,18.1937102206719,2009-04-29
26.8,56.6172010177702,18.1647702657114,2009-04-30
56.85,69.371660773339,18.215840759842,2009-05-03
33.7,50.4321205445756,18.1879318275564,2009-05-04
27.5,43.5683112122094,18.2092311209457,2009-05-06
74.36,50.8892963836439,18.1769358960598,2009-05-08
127.6,35.5299470735295,18.1981956416578,2009-05-10
21.1,35.9511577954273,18.1885070873405,2009-05-14
38.8,34.8004696218844,18.188821233328,2009-05-16
20,36.9612685584672,18.211568032552,2009-05-24
18.9,36.4901043680261,18.203633172048,2009-05-26
26.1,29.7358041785922,18.1975167060412,2009-05-28
24,42.6618263941533,18.1999723502954,2009-06-01
24.7,30.2309024937285,18.1881286180819,2009-06-02
18.35,28.9030869525302,18.2234824219017,2009-06-06
18.35,33.3930581316372,18.1992842377692,2009-06-07
18.35,75.0343768556932,18.110428455461,2009-06-13
38.8,40.8260113522766,20.1998879802172,2009-06-19
21.65,35.0701670764045,20.487551943526,2009-06-22
20.55,39.6146107369867,18.2087111581804,2009-06-24
20.55,32.049742497495,18.1921599085121,2009-06-25
19.45,30.9525453026135,18.6495189449204,2009-06-26
19.45,50.3379887317166,18.1560890651119,2009-06-30
28.9,36.8318719139051,18.7039461196932,2009-07-04
26.8,48.094439359551,18.2192352332285,2009-07-05
30.3,43.3516117979632,18.2187321808118,2009-07-12
33.7,39.2960626787447,18.2071459035429,2009-07-15
48.8,45.2963395316437,18.1435196233279,2009-07-16
788.6,41.8623775827156,18.1933991731855,2009-07-17
427.6,41.2032876235028,18.1823011653391,2009-07-18
45.8,46.6593401043226,18.1783854760208,2009-07-21
47.8,43.8872769136191,18.2002930458095,2009-07-24
41.8,41.7333111600663,18.2069059536608,2009-07-26
40.8,43.1603381074996,18.19625704338,2009-07-27
137.9,55.8751953715763,18.1265940370068,2009-08-02
76.92,44.4847778148779,18.1766781871628,2009-08-03
60.3,45.5975845691529,18.2064162978326,2009-08-04
58,48.4275840212242,22.8021958609371,2009-08-05
37.1,62.7097542447572,18.2567229876105,2009-08-11
37.95,64.2264288816741,18.1545309024602,2009-08-12
37.1,60.5130093644554,18.1796978907648,2009-08-14
33.7,63.3793413442609,28.5126713620576,2009-08-17
32.85,44.6081411883298,18.1788108672889,2009-08-23
32,108.567724423476,187.805330614791,2009-08-28
32,44.6152598256799,18.5282168469124,2009-08-29
32,46.1539834260962,18.2108189500062,2009-08-31
31.15,73.5507740753633,34.8853419901268,2009-09-01
32,83.9643221896322,18.1903601264531,2009-09-02
31.15,76.5569063529558,18.1634209510837,2009-09-03
30.3,62.026571621517,36.6511211177059,2009-09-04
54.55,95.5912525703692,18.1773753610892,2009-09-15
38.8,103.993057883885,25.726555333699,2009-09-19
36.25,98.6847032963023,23.3872468324331,2009-09-24
38.8,92.0148486291451,18.0792823133785,2009-09-25
193.3,98.9715606070502,40.4541643888075,2009-09-27
70.65,90.630576810645,18.1752130949732,2009-09-29
67.2,88.9669207042259,18.1730318576593,2009-09-30
320,103.583095202774,34.5959021624043,2009-10-04
108.8,91.0257473682599,18.1680614625072,2009-10-05
439.9,184.672671977016,17.6152082902501,2009-10-08
60.3,85.69305534055,18.2087026761577,2009-10-12
56.85,118.870126373011,17.8911384109134,2009-10-15
62.6,102.336298487032,42.0198781722568,2009-10-16
51.1,88.2676187024338,38.3660645739978,2009-10-17
43.8,85.5670741377197,18.1701909951176,2009-10-18
41.8,74.6207814435425,18.2197251764751,2009-10-19
40.8,73.2079101577563,30.9805693698045,2009-10-22
41.8,105.158382444155,18.0903609600924,2009-10-27
39.8,84.6994135458029,48.671506623122,2009-10-28
36.25,94.9502473343292,40.2747534640202,2009-10-29
59.15,67.7599009479316,18.2053410667397,2009-11-01
1488.9,81.6474928229163,31.3450339985019,2009-11-04
734.7,85.9629522499758,35.1309716824785,2009-11-05
216.7,100.785709141165,18.1932494181414,2009-11-06
156.3,248.610618495254,17.8618358001638,2009-11-07
94.4,86.3740985896137,18.1830048334072,2009-11-08
55.7,98.2738799174125,18.1522021306306,2009-11-11
47.8,86.4171164057806,37.9848186673505,2009-11-13
46.8,65.5889819141688,18.2074075754004,2009-11-14
45.8,106.505852478393,48.9726744256185,2009-11-16
44.8,69.3492961969235,18.1927426486717,2009-11-18
74.36,102.764680173393,18.1272116148155,2009-11-19
87.4,105.789553718842,17.7664297662881,2009-11-22
80.76,100.917187358789,18.1514440234292,2009-11-23
63.75,92.5666643225917,18.0114213134438,2009-11-26
41.8,61.5070613044232,18.1649244721179,2009-12-01
26.8,57.0465583129101,18.1633486450852,2009-12-06
29.6,84.1594612560244,18.049246239346,2009-12-09
59.15,161.625126081555,78.0189255787971,2009-12-11
54.55,69.5595393101436,45.588954195085,2009-12-12
48.8,65.3388465224332,18.1809847022922,2009-12-13
30.3,58.3833648186274,18.1534784178439,2009-12-16
52.25,55.5692741780876,30.5378923418593,2009-12-22
39.8,63.6121415476579,18.2235978621993,2009-12-24
32.85,78.2361378847104,18.1736075270309,2009-12-25
27.5,47.3387717973011,18.1962432991135,2009-12-28
24.7,46.9179355807298,18.1938341187047,2009-12-29
24.7,97.7863679346928,18.0274220366912,2009-12-30
24.7,65.8862932581715,41.6490687282747,2009-12-31
